residue_index,residue,prob_w14,prob_w21,prob_w28
1,M,0.0000,0.0001,0.0000
2,D,0.0000,0.0000,0.0000
3,L,0.0001,0.0000,0.0000
4,P,0.0001,0.0000,0.0000
5,V,0.0000,0.0000,0.0000
6,G,0.0000,0.0000,0.0000
7,P,0.0000,0.0000,0.0001
8,G,0.0000,0.0000,0.0002
9,A,0.0000,0.0000,0.0001
10,A,0.0000,0.0000,0.0001
11,G,0.0000,0.0001,0.0001
12,P,0.0000,0.0001,0.0002
13,S,0.0000,0.0001,0.0002
14,N,0.0001,0.0001,0.0003
15,V,0.0003,0.0002,0.0001
16,P,0.0003,0.0002,0.0001
17,A,0.0005,0.0003,0.0001
18,F,0.0006,0.0006,0.0001
19,L,0.0017,0.0002,0.0001
20,T,0.0197,0.0003,0.0001
21,K,0.0238,0.0002,0.0001
22,L,0.0011,0.0003,0.0002
23,W,0.0006,0.0023,0.0002
24,T,0.0024,0.0019,0.0002
25,L,0.0021,0.0014,0.0001
26,V,0.0138,0.0006,0.0001
27,S,0.0031,0.0025,0.0003
28,D,0.0038,0.0020,0.0003
29,P,0.0011,0.0018,0.0002
30,D,0.0008,0.0005,0.0002
31,T,0.0015,0.0004,0.0006
32,D,0.0007,0.0003,0.0004
33,A,0.0004,0.0003,0.0004
34,L,0.0001,0.0003,0.0002
35,I,0.0001,0.0003,0.0003
36,C,0.0001,0.0002,0.0002
37,W,0.0001,0.0001,0.0002
38,S,0.0002,0.0001,0.0002
39,P,0.0002,0.0001,0.0002
40,S,0.0001,0.0001,0.0001
41,G,0.0000,0.0002,0.0001
42,N,0.0000,0.0001,0.0001
43,S,0.0000,0.0001,0.0002
44,F,0.0001,0.0001,0.0002
45,H,0.0000,0.0001,0.0003
46,V,0.0000,0.0001,0.0002
47,F,0.0006,0.0002,0.0002
48,D,0.0014,0.0003,0.0002
49,Q,0.0014,0.0004,0.0001
50,G,0.0048,0.0012,0.0001
51,Q,0.0031,0.0007,0.0001
52,F,0.0215,0.0013,0.0002
53,A,0.0114,0.0010,0.0003
54,K,0.0016,0.0007,0.0011
55,E,0.0100,0.0019,0.0008
56,V,0.0069,0.0023,0.0008
57,L,0.0017,0.0029,0.0010
58,P,0.0064,0.0060,0.0015
59,K,0.0027,0.0031,0.0025
60,Y,0.0199,0.0015,0.0019
61,F,0.0050,0.0036,0.0014
62,K,0.0010,0.0036,0.0015
63,H,0.0006,0.0067,0.0012
64,N,0.0006,0.0092,0.0007
65,N,0.0009,0.0052,0.0015
66,M,0.0044,0.0018,0.0014
67,A,0.0051,0.0005,0.0029
68,S,0.0090,0.0002,0.0014
69,F,0.0114,0.0006,0.0008
70,V,0.0017,0.0006,0.0008
71,R,0.0011,0.0006,0.0009
72,Q,0.0021,0.0010,0.0012
73,L,0.0026,0.0006,0.0016
74,N,0.0017,0.0013,0.0006
75,M,0.0007,0.0032,0.0008
76,Y,0.0005,0.0049,0.0012
77,G,0.0034,0.0043,0.0014
78,F,0.0037,0.0016,0.0010
79,R,0.0063,0.0016,0.0015
80,K,0.0017,0.0024,0.0014
81,V,0.0010,0.0041,0.0012
82,V,0.0034,0.0010,0.0011
83,H,0.0012,0.0010,0.0010
84,I,0.0039,0.0013,0.0027
85,E,0.0013,0.0015,0.0021
86,Q,0.0068,0.0007,0.0025
87,G,0.0086,0.0011,0.0014
88,G,0.0035,0.0029,0.0009
89,L,0.0025,0.0029,0.0007
90,V,0.0017,0.0034,0.0003
91,K,0.0143,0.0018,0.0005
92,P,0.0090,0.0013,0.0006
93,E,0.0074,0.0007,0.0007
94,R,0.0018,0.0006,0.0008
95,D,0.0029,0.0008,0.0007
96,D,0.0023,0.0007,0.0010
97,T,0.0008,0.0004,0.0023
98,E,0.0003,0.0007,0.0039
99,F,0.0003,0.0020,0.0074
100,Q,0.0004,0.0024,0.0050
101,H,0.0003,0.0040,0.0065
102,P,0.0004,0.0022,0.0177
103,C,0.0006,0.0083,0.0324
104,F,0.0018,0.0045,0.0220
105,L,0.0034,0.0118,0.0262
106,R,0.0046,0.0169,0.0213
107,G,0.0194,0.0169,0.0306
108,Q,0.0282,0.0356,0.0299
109,E,0.2275,0.1071,0.0353
110,Q,0.8471,0.2776,0.0323
111,L,0.9840,0.1600,0.0284
112,L,0.9996,0.5205,0.0580
113,E,0.9926,0.8195,0.0502
114,N,0.9732,0.8708,0.1745
115,I,0.9984,0.9441,0.0844
116,K,0.9980,0.8274,0.1159
117,R,0.9787,0.7398,0.3686
118,K,0.9154,0.9438,0.3341
119,V,0.9600,0.8988,0.5261
120,T,0.7688,0.5966,0.6396
121,S,0.7182,0.5966,0.5916
122,V,0.4807,0.4736,0.6316
123,S,0.1186,0.4450,0.5289
124,T,0.1089,0.4126,0.3353
125,L,0.0856,0.4619,0.2049
126,K,0.2502,0.1780,0.3963
127,S,0.6155,0.0882,0.1915
128,E,0.7300,0.0425,0.1026
129,D,0.6250,0.0425,0.0731
130,I,0.2332,0.0687,0.1811
131,K,0.2365,0.1733,0.2341
132,I,0.5960,0.1446,0.2018
133,R,0.5724,0.2263,0.2014
134,Q,0.6964,0.5017,0.2122
135,D,0.7182,0.8069,0.2112
136,S,0.5292,0.8069,0.3412
137,V,0.7505,0.7882,0.3958
138,T,0.6316,0.9258,0.6290
139,K,0.5339,0.7508,0.4656
140,L,0.8288,0.8723,0.5031
141,L,0.9784,0.6195,0.5706
142,T,0.8299,0.7071,0.6092
143,D,0.9579,0.5705,0.6416
144,V,0.9405,0.7989,0.8137
145,Q,0.9487,0.6161,0.6278
146,L,0.8146,0.6161,0.5250
147,M,0.8137,0.8151,0.6962
148,K,0.3373,0.8825,0.8709
149,G,0.3338,0.8825,0.7294
150,K,0.7051,0.8119,0.8420
151,Q,0.9350,0.6061,0.7264
152,E,0.7507,0.7917,0.7408
153,C,0.5193,0.7636,0.7624
154,M,0.5920,0.8688,0.8738
155,D,0.7024,0.5042,0.5129
156,S,0.3146,0.5652,0.5987
157,K,0.7628,0.4925,0.7633
158,L,0.1981,0.7260,0.8460
159,L,0.5558,0.2996,0.7992
160,A,0.2545,0.5300,0.6694
161,M,0.9324,0.5065,0.8352
162,K,0.5911,0.7630,0.8472
163,H,0.7431,0.6544,0.8227
164,E,0.9174,0.8298,0.9389
165,N,0.9081,0.9361,0.7752
166,E,0.7162,0.9689,0.8566
167,A,0.7099,0.9857,0.8173
168,L,0.9611,0.9857,0.9028
169,W,0.9677,0.8304,0.9245
170,R,0.9537,0.9050,0.9544
171,E,0.9946,0.9494,0.9295
172,V,0.9027,0.8989,0.9254
173,A,0.9892,0.8989,0.8183
174,S,0.9799,0.9637,0.8836
175,L,0.9741,0.8395,0.9631
176,R,0.9286,0.9761,0.9162
177,Q,0.9951,0.9360,0.9009
178,K,0.9703,0.9635,0.8339
179,H,0.9713,0.9635,0.8826
180,A,0.9059,0.9785,0.8676
181,Q,0.9131,0.9823,0.7306
182,Q,0.9943,0.8565,0.8971
183,Q,0.8564,0.9112,0.6444
184,K,0.8559,0.6586,0.8618
185,V,0.3440,0.6586,0.8103
186,V,0.4791,0.6586,0.5306
187,N,0.4210,0.3794,0.4794
188,K,0.3787,0.3794,0.3232
189,L,0.5138,0.1985,0.6091
190,I,0.3841,0.2575,0.2154
191,Q,0.5092,0.2176,0.1286
192,F,0.2736,0.1031,0.1536
193,L,0.1506,0.3195,0.0790
194,I,0.2138,0.0827,0.1824
195,S,0.1794,0.0393,0.1089
196,L,0.1330,0.1294,0.0134
197,V,0.0143,0.0542,0.0144
198,Q,0.0115,0.0796,0.0147
199,S,0.0160,0.0366,0.0126
200,N,0.0387,0.0074,0.0092
201,R,0.0429,0.0131,0.0121
202,I,0.3069,0.0213,0.0102
203,L,0.1942,0.0582,0.0059
204,G,0.3001,0.0549,0.0058
205,V,0.5748,0.1146,0.0133
206,K,0.6178,0.1146,0.0109
207,R,0.6886,0.0675,0.0218
208,K,0.7523,0.0768,0.0170
209,I,0.4069,0.2013,0.0053
210,P,0.0571,0.1635,0.0085
211,L,0.0558,0.1635,0.0064
212,M,0.4023,0.0697,0.0058
213,L,0.1147,0.0034,0.0085
214,N,0.0439,0.0056,0.0135
215,D,0.0173,0.0061,0.0078
216,S,0.0005,0.0025,0.0046
217,G,0.0005,0.0022,0.0025
218,S,0.0007,0.0024,0.0039
219,A,0.0004,0.0007,0.0034
220,H,0.0005,0.0004,0.0019
221,S,0.0008,0.0009,0.0011
222,M,0.0003,0.0018,0.0007
223,P,0.0004,0.0015,0.0004
224,K,0.0006,0.0009,0.0003
225,Y,0.0018,0.0008,0.0006
226,S,0.0012,0.0006,0.0005
227,R,0.0017,0.0006,0.0004
228,Q,0.0027,0.0006,0.0001
229,F,0.0021,0.0004,0.0001
230,S,0.0024,0.0002,0.0001
231,L,0.0020,0.0003,0.0000
232,E,0.0008,0.0002,0.0001
233,H,0.0009,0.0001,0.0001
234,V,0.0006,0.0002,0.0000
235,H,0.0004,0.0001,0.0001
236,G,0.0001,0.0001,0.0001
237,S,0.0002,0.0001,0.0001
238,G,0.0000,0.0001,0.0002
239,P,0.0000,0.0000,0.0001
240,Y,0.0000,0.0001,0.0001
241,S,0.0000,0.0001,0.0001
242,A,0.0000,0.0001,0.0001
243,P,0.0000,0.0000,0.0001
244,S,0.0000,0.0001,0.0001
245,P,0.0000,0.0000,0.0001
246,A,0.0000,0.0000,0.0001
247,Y,0.0001,0.0001,0.0001
248,S,0.0001,0.0001,0.0001
249,S,0.0001,0.0001,0.0001
250,S,0.0001,0.0002,0.0001
251,S,0.0003,0.0003,0.0001
252,L,0.0005,0.0002,0.0001
253,Y,0.0010,0.0001,0.0002
254,A,0.0027,0.0003,0.0003
255,P,0.0026,0.0003,0.0004
256,D,0.0003,0.0006,0.0006
257,A,0.0008,0.0007,0.0006
258,V,0.0008,0.0021,0.0014
259,A,0.0009,0.0018,0.0009
260,S,0.0011,0.0033,0.0014
261,S,0.0057,0.0137,0.0013
262,G,0.0040,0.0063,0.0012
263,P,0.0199,0.0028,0.0011
264,I,0.0746,0.0038,0.0019
265,I,0.0088,0.0026,0.0022
266,S,0.0031,0.0026,0.0014
267,D,0.0021,0.0020,0.0011
268,I,0.0026,0.0020,0.0009
269,T,0.0011,0.0023,0.0008
270,E,0.0018,0.0010,0.0009
271,L,0.0148,0.0007,0.0006
272,A,0.0045,0.0004,0.0006
273,P,0.0024,0.0007,0.0010
274,A,0.0015,0.0010,0.0006
275,S,0.0004,0.0004,0.0010
276,P,0.0005,0.0010,0.0012
277,M,0.0003,0.0014,0.0017
278,A,0.0001,0.0006,0.0021
279,S,0.0002,0.0007,0.0007
280,P,0.0003,0.0009,0.0009
281,G,0.0002,0.0005,0.0007
282,G,0.0006,0.0002,0.0006
283,S,0.0008,0.0001,0.0004
284,I,0.0014,0.0003,0.0006
285,D,0.0010,0.0002,0.0004
286,E,0.0001,0.0003,0.0004
287,R,0.0002,0.0004,0.0002
288,P,0.0010,0.0003,0.0003
289,L,0.0036,0.0004,0.0002
290,S,0.0034,0.0008,0.0002
291,S,0.0066,0.0008,0.0002
292,S,0.0248,0.0007,0.0002
293,P,0.0646,0.0010,0.0001
294,L,0.0014,0.0004,0.0001
295,V,0.0009,0.0002,0.0002
296,R,0.0015,0.0003,0.0003
297,V,0.0002,0.0002,0.0007
298,K,0.0001,0.0001,0.0009
299,E,0.0001,0.0002,0.0019
300,E,0.0001,0.0001,0.0024
301,P,0.0001,0.0002,0.0008
302,P,0.0001,0.0003,0.0005
303,S,0.0003,0.0009,0.0008
304,P,0.0006,0.0021,0.0003
305,P,0.0026,0.0010,0.0003
306,Q,0.0045,0.0010,0.0002
307,S,0.0032,0.0010,0.0002
308,P,0.0004,0.0010,0.0005
309,R,0.0007,0.0006,0.0004
310,V,0.0014,0.0004,0.0010
311,E,0.0010,0.0002,0.0010
312,E,0.0017,0.0003,0.0013
313,A,0.0027,0.0006,0.0004
314,S,0.0019,0.0015,0.0003
315,P,0.0023,0.0031,0.0004
316,G,0.0061,0.0068,0.0006
317,R,0.0117,0.0023,0.0015
318,P,0.0048,0.0023,0.0020
319,S,0.0016,0.0053,0.0042
320,S,0.0004,0.0054,0.0052
321,V,0.0003,0.0062,0.0077
322,D,0.0006,0.0028,0.0126
323,T,0.0016,0.0017,0.0301
324,L,0.0087,0.0012,0.0192
325,L,0.0148,0.0037,0.0239
326,S,0.0829,0.0100,0.0069
327,P,0.0374,0.0332,0.0042
328,T,0.1672,0.0332,0.0012
329,A,0.1234,0.2757,0.0017
330,L,0.2523,0.1184,0.0023
331,I,0.1721,0.0983,0.0048
332,D,0.1194,0.0054,0.0049
333,S,0.0336,0.0069,0.0123
334,I,0.0262,0.0069,0.0109
335,L,0.0379,0.0041,0.0095
336,R,0.0827,0.0039,0.0123
337,E,0.0661,0.0044,0.0109
338,S,0.2212,0.1431,0.0104
339,E,0.0578,0.1431,0.0043
340,P,0.0524,0.1214,0.0034
341,A,0.3014,0.1214,0.0029
342,P,0.0640,0.0422,0.0140
343,A,0.0632,0.0209,0.0138
344,S,0.0288,0.0165,0.0187
345,V,0.0113,0.0050,0.0106
346,T,0.0085,0.0054,0.0081
347,A,0.0028,0.0040,0.0045
348,L,0.0055,0.0040,0.0011
349,T,0.0048,0.0025,0.0007
350,D,0.0091,0.0020,0.0004
351,A,0.0102,0.0020,0.0002
352,R,0.0066,0.0003,0.0001
353,G,0.0179,0.0005,0.0001
354,H,0.0072,0.0003,0.0001
355,T,0.0006,0.0001,0.0001
356,D,0.0002,0.0000,0.0000
357,T,0.0001,0.0000,0.0001
358,E,0.0000,0.0001,0.0001
359,G,0.0000,0.0000,0.0001
360,R,0.0000,0.0000,0.0001
361,P,0.0000,0.0000,0.0001
362,P,0.0000,0.0000,0.0001
363,S,0.0000,0.0000,0.0001
364,P,0.0000,0.0000,0.0001
365,P,0.0000,0.0000,0.0001
366,P,0.0000,0.0000,0.0001
367,T,0.0000,0.0001,0.0001
368,S,0.0000,0.0001,0.0001
369,T,0.0000,0.0001,0.0002
370,P,0.0001,0.0001,0.0004
371,E,0.0001,0.0001,0.0005
372,K,0.0003,0.0002,0.0006
373,C,0.0012,0.0004,0.0004
374,L,0.0098,0.0014,0.0008
375,S,0.0115,0.0033,0.0010
376,V,0.0086,0.0073,0.0014
377,A,0.0493,0.0117,0.0029
378,C,0.6917,0.0429,0.0037
379,L,0.3032,0.0429,0.0083
380,D,0.1058,0.0490,0.0154
381,K,0.6612,0.5952,0.0593
382,N,0.2570,0.3181,0.0765
383,E,0.2357,0.2027,0.0727
384,L,0.4871,0.3358,0.1835
385,S,0.1750,0.3358,0.7966
386,D,0.4262,0.3358,0.5898
387,H,0.4044,0.4116,0.4074
388,L,0.7827,0.5042,0.7647
389,D,0.7460,0.8741,0.5585
390,A,0.7205,0.8447,0.5115
391,M,0.8826,0.7426,0.3791
392,D,0.7384,0.9075,0.1306
393,S,0.7584,0.9075,0.1302
394,N,0.6449,0.7759,0.1255
395,L,0.9652,0.2117,0.1826
396,D,0.7912,0.1218,0.1696
397,N,0.7201,0.0576,0.1471
398,L,0.3554,0.0779,0.0696
399,Q,0.0770,0.0532,0.0145
400,T,0.0267,0.0532,0.0170
401,M,0.0271,0.0465,0.0151
402,L,0.0713,0.0207,0.0125
403,S,0.0182,0.0079,0.0057
404,S,0.0139,0.0084,0.0035
405,H,0.0079,0.0079,0.0027
406,G,0.0011,0.0079,0.0015
407,F,0.0012,0.0084,0.0013
408,S,0.0018,0.0040,0.0020
409,V,0.0011,0.0015,0.0026
410,D,0.0020,0.0006,0.0022
411,T,0.0010,0.0006,0.0014
412,S,0.0012,0.0006,0.0010
413,A,0.0007,0.0005,0.0005
414,L,0.0008,0.0006,0.0004
415,L,0.0025,0.0003,0.0007
416,D,0.0026,0.0003,0.0003
417,L,0.0031,0.0004,0.0003
418,F,0.0012,0.0005,0.0004
419,S,0.0011,0.0018,0.0005
420,P,0.0011,0.0009,0.0006
421,S,0.0007,0.0009,0.0007
422,V,0.0014,0.0018,0.0021
423,T,0.0002,0.0020,0.0032
424,V,0.0001,0.0018,0.0043
425,P,0.0003,0.0021,0.0061
426,D,0.0009,0.0021,0.0136
427,M,0.0011,0.0026,0.0235
428,S,0.0031,0.0019,0.0184
429,L,0.0119,0.0086,0.0452
430,P,0.0079,0.0192,0.0224
431,D,0.0077,0.0859,0.0120
432,L,0.0290,0.0712,0.0095
433,D,0.8472,0.1042,0.0347
434,S,0.9497,0.1255,0.0207
435,S,0.9428,0.0710,0.0220
436,L,0.9943,0.5503,0.0194
437,A,0.9521,0.8050,0.0079
438,S,0.9311,0.5913,0.0050
439,I,0.8747,0.3396,0.0062
440,Q,0.8052,0.1069,0.0162
441,E,0.4381,0.1069,0.0248
442,L,0.1658,0.0376,0.0270
443,L,0.1306,0.0132,0.0225
444,S,0.0125,0.0052,0.0114
445,P,0.0029,0.0091,0.0101
446,Q,0.0037,0.0091,0.0061
447,E,0.0005,0.0028,0.0026
448,P,0.0012,0.0022,0.0020
449,P,0.0005,0.0013,0.0032
450,R,0.0003,0.0007,0.0029
451,P,0.0003,0.0005,0.0018
452,P,0.0002,0.0002,0.0011
453,E,0.0004,0.0003,0.0009
454,A,0.0002,0.0004,0.0007
455,E,0.0001,0.0010,0.0006
456,N,0.0004,0.0010,0.0004
457,S,0.0018,0.0005,0.0005
458,S,0.0032,0.0003,0.0002
459,P,0.0292,0.0005,0.0002
460,D,0.0423,0.0011,0.0002
461,S,0.0060,0.0010,0.0002
462,G,0.0013,0.0010,0.0002
463,K,0.0007,0.0048,0.0004
464,Q,0.0011,0.0010,0.0004
465,L,0.0004,0.0009,0.0002
466,V,0.0015,0.0005,0.0007
467,H,0.0080,0.0005,0.0009
468,Y,0.0085,0.0003,0.0005
469,T,0.0068,0.0002,0.0003
470,A,0.0079,0.0010,0.0001
471,Q,0.0021,0.0007,0.0002
472,P,0.0006,0.0007,0.0002
473,L,0.0004,0.0009,0.0002
474,F,0.0002,0.0004,0.0005
475,L,0.0005,0.0003,0.0004
476,L,0.0008,0.0002,0.0003
477,D,0.0002,0.0002,0.0009
478,P,0.0004,0.0006,0.0006
479,G,0.0003,0.0006,0.0006
480,S,0.0003,0.0006,0.0005
481,V,0.0004,0.0007,0.0004
482,D,0.0004,0.0002,0.0008
483,T,0.0003,0.0006,0.0008
484,G,0.0008,0.0006,0.0007
485,S,0.0005,0.0007,0.0005
486,N,0.0040,0.0009,0.0002
487,D,0.0052,0.0004,0.0003
488,L,0.0016,0.0005,0.0003
489,P,0.0017,0.0009,0.0003
490,V,0.0009,0.0006,0.0003
491,L,0.0011,0.0006,0.0001
492,F,0.0014,0.0005,0.0001
493,E,0.0007,0.0004,0.0004
494,L,0.0007,0.0005,0.0007
495,G,0.0012,0.0005,0.0006
496,E,0.0008,0.0002,0.0002
497,G,0.0025,0.0003,0.0002
498,S,0.0013,0.0005,0.0003
499,Y,0.0001,0.0004,0.0005
500,F,0.0004,0.0004,0.0005
501,S,0.0004,0.0004,0.0010
502,E,0.0004,0.0004,0.0011
503,G,0.0003,0.0009,0.0009
504,D,0.0001,0.0006,0.0015
505,G,0.0001,0.0006,0.0015
506,F,0.0002,0.0008,0.0006
507,A,0.0006,0.0004,0.0007
508,E,0.0032,0.0006,0.0004
509,D,0.0033,0.0006,0.0002
510,P,0.0007,0.0005,0.0004
511,T,0.0012,0.0005,0.0002
512,I,0.0029,0.0005,0.0003
513,S,0.0023,0.0002,0.0002
514,L,0.0013,0.0006,0.0004
515,L,0.0009,0.0006,0.0006
516,T,0.0004,0.0006,0.0006
517,G,0.0006,0.0009,0.0004
518,S,0.0015,0.0007,0.0005
519,E,0.0004,0.0003,0.0006
520,P,0.0005,0.0003,0.0009
521,P,0.0011,0.0005,0.0013
522,K,0.0003,0.0005,0.0007
523,A,0.0002,0.0010,0.0003
524,K,0.0002,0.0010,0.0003
525,D,0.0003,0.0003,0.0005
526,P,0.0003,0.0002,0.0005
527,T,0.0001,0.0002,0.0010
528,V,0.0019,0.0003,0.0010
529,S,0.0262,0.0003,0.0003
